[
  {
    "icon": "fa fa-home",
    "slug": "external",
    "title": "Volver al inicio",
    "path": "index.html"
  },  
  { 
    "id": 1,
    "icon": "fa fa-file-text-o",
    "slug": "introduccion",
    "title": "Introducción",
    "breadcrumb": ["Inicio","introduccion"],
    "path": "pages/1-tema.html"
  },
  { 
    "id": 2,
    "icon": "fa fa-file-text-o",
    "slug": "lectura",
    "title": "1. La lectura",
    "breadcrumb": ["Inicio","lectura"],
    "path": "pages/2-tema.html",    
    "submenu": [
      {
        "icon": "fa fa-file-text-o",
        "slug": "lectura",
        "title": "1.1 Concepto de lectura",
        "anchor": "11"
      },
      {
        "icon": "fa fa-file-text-o",
        "slug": "lectura",
        "title": "1.2 Tipos de lectura",
        "anchor": "12"
      },
      {
        "icon": "fa fa-file-text-o",
        "slug": "lectura",
        "title": "1.3 La lectura comprensiva",
        "anchor": "13"
      },
      {
        "icon": "fa fa-file-text-o",
        "slug": "lectura",
        "title": "1.4 Estrategias para facilitar la comprensión lectora",
        "anchor": "14"
      }
    ]
  },
  { 
    "id": 3,
    "icon": "fa fa-file-text-o",
    "slug": "factores",
    "title": "2. Factores de la comprensión lectora",
    "breadcrumb": ["Inicio","factores"],
    "path": "pages/3-tema.html",    
    "submenu": [
      {
        "icon": "fa fa-file-text-o",
        "slug": "factores",
        "title": "2.1 El lector / la lectora",
        "anchor": "21"
      },
      {
        "icon": "fa fa-file-text-o",
        "slug": "factores",
        "title": "2.2 El texto",
        "anchor": "22"
      },
      {
        "icon": "fa fa-file-text-o",
        "slug": "factores",
        "title": "2.3 El contexto",
        "anchor": "23"
      }
    ]
  }
]